"Hail, Caesar!"
Hail Caesar is a great movie. Wouldn't mind keeping people in line like that! üòú
"@sampoppy71 Hail, Caesar! (2016) √∑ Full Movie Online https://t.co/grsN25eb0y"
"üòçMe and hub watched this movie at SM CITY CEBU Cinema 3.      #Hail,Caesar https://t.co/G8V2Y7M2S1"
"Hail, Caesar! https://t.co/56EUyLN8Jv #fullmovie"
"Anyone in Dublin want to see a movie (10 Cloverfield Lane, High Rise or Hail, Caesar!) tonight?"
"I added a video to a @YouTube playlist https://t.co/CJjZmtc1g9 Hail, Caesar.. Movie Review"
i went to see Hail Caesar high as hell the other day and I thought I was bugging through the whole movie but apparently its just that weird
"#Entertainment Movie Review ‚Äì Hail, Caesar! (2016) https://t.co/Fzk359F2vL https://t.co/2Q2LXl3WAe"
"Went to see Hail, Caesar today, it was a long &amp; drawn out movie, I didn't dislike it"
Top 3 Coen Brothers Movies - My most anticipated movie of this year was the Coen bros film¬†‚ÄòHail Caesar!‚Äô... https://t.co/8sYH28Q51x
"Hail, Caesar! https://t.co/56EUyLN8Jv #fullmovie"
"RT @critical_cinema: Hail, Caesar! Movie Review
#HailCaesar #Movie #Review #News #ScarlettJohansson #ComingSoon
https://t.co/iv6vphU0o6 htt‚Ä¶"
"So Hail, Caesar and The Witch were both disappointing. Can I just see a good movie pls"
"!!SPOILER ALERT!!

The new Coen brothers movie, Hail, Caesar! is very quirky, unpredictable, and strange. It... https://t.co/jlbd20mqt4"
"Movies that r currently at the movie theater: Room, Brooklyn, Zootopia, Hail, Caesar!, Legend 
Things I have to do: save money"
"The Coen brothers‚Äô 'engagingly goofy' HAIL, CAESAR! (12A) is our movie over Easter Weekend. https://t.co/89fEn9pQFL https://t.co/OugrgKdZCp"
"Hail Caesar poster I got was BONKERS good, imagine a movie I grew up with!!! https://t.co/8rG067Rubh"
"#Watch Hail Caesar Full 'Movie""https://t.co/u0JZ0x5j5A"
"Hail Caesar was a bit odd of a movie, but it has a lot of good moments."
"My conclusion on the movie ""Hail, Caesar!"": I have the thighs of George Clooney."
RT @ica_cheng: @uipmoviesph Movie Review HERE üëâ https://t.co/5QZkxgaM8l #HailCaesar https://t.co/3WoWExO1GV
"Thursday night movie marathon: ""Trumbo"" + ""Hail Caesar!"" (@ SM Cinemas Megamall - @sm_cinema) https://t.co/kcQl1fl8fN"
RT @ica_cheng: @uipmoviesph Movie Review HERE üëâ https://t.co/5QZkxgaM8l #HailCaesar https://t.co/3WoWExO1GV
@uipmoviesph Movie Review HERE üëâ https://t.co/5QZkxgaM8l #HailCaesar https://t.co/3WoWExO1GV
"RT @MFVPodcast: MFV #3 out now! Covering Hiddleston movie High Rise, the Coens' Hail, Caesar! and new podcast Alice Isn't Dead. https://t.c‚Ä¶"
"RT @MFVPodcast: MFV #3 out now! Covering Hiddleston movie High Rise, the Coens' Hail, Caesar! and new podcast Alice Isn't Dead. https://t.c‚Ä¶"
"RT @MFVPodcast: MFV #3 out now! Covering Hiddleston movie High Rise, the Coens' Hail, Caesar! and new podcast Alice Isn't Dead. https://t.c‚Ä¶"
"MFV #3 out now! Covering Hiddleston movie High Rise, the Coens' Hail, Caesar! and new podcast Alice Isn't Dead. https://t.co/hT7kNjwkhO"
"RT @Mark_Templar: Hail, Caesar. Now showing exclusively in SM CInemas.... https://t.co/AwHQ6Dcg51"
"Hail, Caesar. Now showing exclusively in SM CInemas.... https://t.co/AwHQ6Dcg51"
"After ""Trumbo"" and ""Hail, Caesar!"", the next one must be a movie about Hedda Hopper and Louella Parsons."
"@RobertPicardo just wanted to say I loved you in Hail, Caesar. I thought your scene was the funniest, snappiest dialogue in the movie"
"I added a video to a @YouTube playlist https://t.co/R6PI7wHOR5 Shitty Movie Reviews - Hail, Caesar!"
Post-relevancy movie reviews: Hail Caesar! was incredible right? Lebowski-esque in terms of absolutely unnecessary complexity.
"Hail, Caesar! https://t.co/56EUyLN8Jv #fullmovie"
RT @web_wombat: #HailCaesar is out now! Here's our review by @LisaDib1 : https://t.co/PxSotKTR6O #GeorgeClooney #caesar
#HailCaesar is out now! Here's our review by @LisaDib1 : https://t.co/PxSotKTR6O #GeorgeClooney #caesar
Hail caesar was the worst movie i've ever seen üòÇüôà
"Hail, Caesar! Movie CLIP - No Dames (2016) - Channing Tatum, George Cloo... https://t.co/YxsGdnPhxF @YouTube ÎãòÏù¥ Í≥µÏú†"
I added a video to a @YouTube playlist https://t.co/CM1gUPuV6k Hail Caesar! Movie Review (So I Saw Show)
"Hail, Caesar? FAIL CAESAR, MORE LIKE!!!!!!!!!!! (It's not a very good movie.)"
"Half-way through screening of HAIL CAESAR!, lady behind:
""This is awful!""

Then proceeds to sigh audibly throughout the rest of the movie."
"I just thought ""what's the name of that hot guy from the Hail, Caesar trailer?"" as though Hail, Caesar were not an actual movie."
"""Hail Caesar"" Parables Hollywood Movie Review. Check it out! https://t.co/sAtHAN3ark #ParablesTV #MovieReview #HailCaesar"
"Movie no. 14 of 2016 is Hail, Caesar! I've been looking forward to this one for months!"
"Ave, Cesare! https://t.co/DCTlM4CBnN #Cinema #Film #Movie #Blog #Blogger"
"RT @ica_cheng: Hail, Caesar! Is in cinemas TODAY! Review is up üëâ https://t.co/5QZkxgaM8l It's an @SM_Cinema Exclusive @uipmoviesph https://‚Ä¶"
"Hail, Caesar! Movie Review
#HailCaesar #Movie #Review #News #ScarlettJohansson #ComingSoon
https://t.co/iv6vphU0o6 https://t.co/DR9Dmu9kHy"
"So yes, Hail Caesar was a great film. As a movie-goer though the film I enjoyed the most this month was Kung Fu Panda 3. So far, that is."
"Watch Movie Original - ngadaredet: The Witch Movies HD (2016) Hail, Caesar! Movies HD (2016) Divergent... https://t.co/uxJsVIalsz"
"Hail, Caesar! (2016) https://t.co/LK7wGxqrPC #Comedy #Drama #Music #Mystery #Movie https://t.co/6aZ8IToJmv"
"Hail, Caesar! (2016) https://t.co/LK7wGx8QY4 #Comedy #Drama #Music #Mystery #Movie https://t.co/fn7SFSo1Nq"
"Hail, Caesar! (2016) https://t.co/LK7wGxqrPC #Comedy #Drama #Music #Mystery #Movie"
"Hail, Caesar! (2016) https://t.co/LK7wGx8QY4 #Comedy #Drama #Music #Mystery #Movie"
"I enjoyed Hail, Caesar! But I don't really get the point of some of it. Weird movie. Channing Tatum was hilariously dramatic."
"Hail, Caesar! https://t.co/56EUyLN8Jv #fullmovie"
Yesterday was nice and we went to the movies and seen Hail Caesar with George Clooney. It was a good movie. No plans today.
"RT @thegrampus: Ramblings of the Easily Distracted: Movie Review: Hail, Caesar! https://t.co/PVX4wCxr42"
"after seeing him in HAIL CAESAR I'd back Alden Enrenrecih as young Han Solo, if you HAVE to make this movie -_- https://t.co/22CQl2M9qD"
#HailCaesar is a Funny Collection of Old Hollywood Sketches. See it today! Now Showing at select @SM_Cinema branches https://t.co/vXqO1dgiiV
"RT @ica_cheng: Hail, Caesar! Is in cinemas TODAY! Review is up üëâ https://t.co/5QZkxgaM8l It's an @SM_Cinema Exclusive @uipmoviesph https://‚Ä¶"
"‚ÄòHail, Caesar!‚Äô is a Funny Collection of Old Hollywood Sketches https://t.co/Ghj2CbWMk7 via @ctctweets"
ps hail caesar was the most fun i've had watching a movie in a long time
While I remember it two shorts before the most excellent Hail Caesar - Eddie the eagle biopic and Dad's Army movie - both look dreadful.
"RT @ica_cheng: Hail, Caesar! Is in cinemas TODAY! Review is up üëâ https://t.co/5QZkxgaM8l It's an @SM_Cinema Exclusive @uipmoviesph https://‚Ä¶"
"Hail, Caesar! Is in cinemas TODAY! Review is up üëâ https://t.co/5QZkxgaM8l It's an @SM_Cinema Exclusive @uipmoviesph https://t.co/cPrrQZnrkl"
"@BRIANNELARSONS I like the Hail Caesar! guy. A lot of them say he STOLE the movie.

But yeah, TARONNNNNNNN."
"RT @_hammster_: Hail Caesar was pretty good but I felt it was lacking something üòïAnyway, Alden Ehrenreich was the highlight of the movie #H‚Ä¶"
"J'aime une vid√©o @YouTube¬†: ""Hail Caesar! - Movie Review"" √† l'adresse https://t.co/XxLV5zp63E."
Hail Caesar - best movie I've seen in a long time.. Channing Tatum is the man.. 8 out of 10
"Kevin Doyle analyzes new movie, ""Hail, Caesar!"" https://t.co/cblwVv2PFt"
"Hail, Caesar! (2016) https://t.co/LK7wGx8QY4 #Comedy #Drama #Music #Mystery #Movie"
"Movie Reviews: Spotlight, Hail Caesar, Brooklyn, Mistress America, Carol via Yehuda - Spotlight: ... https://t.co/d2ElzBIJx2"
"Hail, Caesar is a movie about movies and communists and not much else."
Went to see Comme Un Avion tonight. Breath of fresh air. So sweet. So funny. And Hail Caesar at the weekend. Another great movie week.
"Hail, Caesar!  https://t.co/sHKxfGgjg1 @basiidon #cdu #movieREVIEW"
"Movie Reviews: Spotlight, Hail Caesar, Brooklyn, Mistress America, Carol,: Spotlight: This is a nicely done, t... https://t.co/KSAtZlgb04"
RT @OBrienKrystyna: Here's my this week's Movie Bulletin featuring 'Hail Ceasar' now on @105uckfieldfm website! :-) https://t.co/H61GA4gHCT
RT @OBrienKrystyna: Here's my this week's Movie Bulletin featuring 'Hail Ceasar' now on @105uckfieldfm website! :-) https://t.co/H61GA4gHCT
"I saw Hail, Caesar today. I honesty could not tell you what the storyline of that movie is. 1h 46mins of my live I'm never getting back"
"Young han solo movie is still boring idea/ redundant after GOTG, but Alden Ehrenreich was the best part of Hail Caesar so get that money son"
Here's my this week's Movie Bulletin featuring 'Hail Ceasar' now on @105uckfieldfm website! :-) https://t.co/H61GA4gHCT
"Ramblings of the Easily Distracted: Movie Review: Hail, Caesar! https://t.co/PVX4wCxr42"
"@dani_rogow @Richards_Karin I was offline this afternoon, escaped to the movies: Hail Caesar - great movie to take ones mind off the issues!"
@winterislate @THR okay but have u seen Hail Caesar?? That movie was a mess but Alden Ehrenrich so good man
"Hail, Caesar! (Bosco Peters) https://t.co/3N6rC3cRP5 The irony of going to the Coen Brothers‚Äô movie Hail, Caesar! ‚Ä¶ https://t.co/dDEQ8GMoBX"
"Hail, Caesar! https://t.co/56EUyLN8Jv #fullmovie"
"I went to go watch Hail Caesar and loved how when the movie ended, everyone was like 'what'"
HAIL CAESAR is a great spoof movie on the Hollywood razmataz - starts 18th March - https://t.co/tzqUyodJmW
"RT @fpjjr: Hail, Caesar! is not your ordinary movie! Watch it exclusively at SM Cinema starting March 16!... https://t.co/Wiifr2hC5m"
"Hail Caesar! The 'other' Roman Centurion conversion movie is a bizarre, self-satisfied mess - https://t.co/DmQx3Wv02w"
"RT @narocinema: We're now showing 'Hail, Caesar!' for a few more shows. Read Emma Stefansky's movie review in AltDaily.... https://t.co/P9R‚Ä¶"
"ŸÅŸäŸÑŸÖ !Hail, Caesar.. ÿ±ÿ≥ÿßŸÑÿ© ŸÅŸä ÿ≠Ÿèÿ®Ÿë ÿßŸÑÿ≥ŸäŸÜŸÖÿß ÿ£ŸÖ ÿßŸÑÿ≥ŸèÿÆÿ±Ÿäÿ© ŸÖŸÜŸáÿßÿü  https://t.co/xJpNsEhwFb @arageek  #Hail_Caesar #movie"
"We're now showing 'Hail, Caesar!' for a few more shows. Read Emma Stefansky's movie review in AltDaily.... https://t.co/IcfaK6M27k"
"RT @TheTechReader: Hail, Caesar! (2016) Movie Review | The Coen Brother‚Äôs Love Letter to¬†Hollywood https://t.co/pTN8LE89Ub https://t.co/OZL‚Ä¶"
Far better than the movie! https://t.co/faX1srJ9GJ via @viceuk
"Caught Hail Caesar! yesterday &amp; loved it, not least because in 1 scene Robert Picardo near enough steals the movie from an A-list cast."
"Hail, Caesar! Movie Review #hailcaesar #movie #review https://t.co/Z43wMSgaXe https://t.co/XC6GohpUxD"
"RT @UniversalPicsAU: .@ChanningTatum in a role like no other! #HailCaesar - Now Playing!
Get your tickets: https://t.co/p44h4EQQxG https://‚Ä¶"
"Lynn, Tara and I  just saw the funniest movie of the decade....HAIL CAESAR!!!! Had some great laughs...God knows we needed some laughs!"
